<?xml version="1.0" encoding="UTF-8" ?>
<feature
	id="org.eclipse.babel.nls_eclipse_zh_TW"
	label="Babel Language Pack for eclipse in Chinese (Traditional) (81.33%)"
	image="eclipse_update_120.jpg"
	provider-name="%providerName"
	version="4.5.0.v20151128060001">
	<copyright>
		%copyright
	</copyright>
	<license url="%licenseURL">
		%license
	</license>
	<description>Babel Language Pack for eclipse in Chinese (Traditional)</description>
	<plugin fragment="true" id="org.eclipse.ant.core.nl_zh_TW" unpack="false" version="4.5.0.v20151128060001" download-size="4902" install-size="4902" />
	<plugin fragment="true" id="org.eclipse.ant.launching.nl_zh_TW" unpack="false" version="4.5.0.v20151128060001" download-size="8155" install-size="8155" />
	<plugin fragment="true" id="org.eclipse.ant.tests.core.nl_zh_TW" unpack="false" version="4.5.0.v20151128060001" download-size="1792" install-size="1792" />
	<plugin fragment="true" id="org.eclipse.ant.tests.ui.nl_zh_TW" unpack="false" version="4.5.0.v20151128060001" download-size="1418" install-size="1418" />
	<plugin fragment="true" id="org.eclipse.ant.ui.nl_zh_TW" unpack="false" version="4.5.0.v20151128060001" download-size="23357" install-size="23357" />
	<plugin fragment="true" id="org.eclipse.compare.core.nl_zh_TW" unpack="false" version="4.5.0.v20151128060001" download-size="2429" install-size="2429" />
	<plugin fragment="true" id="org.eclipse.compare.examples.nl_zh_TW" unpack="false" version="4.5.0.v20151128060001" download-size="2403" install-size="2403" />
	<plugin fragment="true" id="org.eclipse.compare.examples.xml.nl_zh_TW" unpack="false" version="4.5.0.v20151128060001" download-size="2601" install-size="2601" />
	<plugin fragment="true" id="org.eclipse.compare.nl_zh_TW" unpack="false" version="4.5.0.v20151128060001" download-size="14037" install-size="14037" />
	<plugin fragment="true" id="org.eclipse.compare.win32.nl_zh_TW" unpack="false" version="4.5.0.v20151128060001" download-size="2602" install-size="2602" />
	<plugin fragment="true" id="org.eclipse.core.commands.nl_zh_TW" unpack="false" version="4.5.0.v20151128060001" download-size="1394" install-size="1394" />
	<plugin fragment="true" id="org.eclipse.core.databinding.beans.nl_zh_TW" unpack="false" version="4.5.0.v20151128060001" download-size="1430" install-size="1430" />
	<plugin fragment="true" id="org.eclipse.core.databinding.nl_zh_TW" unpack="false" version="4.5.0.v20151128060001" download-size="2720" install-size="2720" />
	<plugin fragment="true" id="org.eclipse.core.databinding.observable.nl_zh_TW" unpack="false" version="4.5.0.v20151128060001" download-size="1384" install-size="1384" />
	<plugin fragment="true" id="org.eclipse.core.databinding.property.nl_zh_TW" unpack="false" version="4.5.0.v20151128060001" download-size="1382" install-size="1382" />
	<plugin fragment="true" id="org.eclipse.core.externaltools.nl_zh_TW" unpack="false" version="4.5.0.v20151128060001" download-size="4169" install-size="4169" />
	<plugin fragment="true" id="org.eclipse.core.filebuffers.nl_zh_TW" unpack="false" version="4.5.0.v20151128060001" download-size="4176" install-size="4176" />
	<plugin fragment="true" id="org.eclipse.core.filesystem.aix.ppc.nl_zh_TW" unpack="false" version="4.5.0.v20151128060001" download-size="1420" install-size="1420" />
	<plugin fragment="true" id="org.eclipse.core.filesystem.aix.ppc64.nl_zh_TW" unpack="false" version="4.5.0.v20151128060001" download-size="1384" install-size="1384" />
	<plugin fragment="true" id="org.eclipse.core.filesystem.hpux.ia64.nl_zh_TW" unpack="false" version="4.5.0.v20151128060001" download-size="1384" install-size="1384" />
	<plugin fragment="true" id="org.eclipse.core.filesystem.java7.nl_zh_TW" unpack="false" version="4.5.0.v20151128060001" download-size="1391" install-size="1391" />
	<plugin fragment="true" id="org.eclipse.core.filesystem.linux.ppc.nl_zh_TW" unpack="false" version="4.5.0.v20151128060001" download-size="1384" install-size="1384" />
	<plugin fragment="true" id="org.eclipse.core.filesystem.linux.ppc64.nl_zh_TW" unpack="false" version="4.5.0.v20151128060001" download-size="1386" install-size="1386" />
	<plugin fragment="true" id="org.eclipse.core.filesystem.linux.ppc64le.nl_zh_TW" unpack="false" version="4.5.0.v20151128060001" download-size="1388" install-size="1388" />
	<plugin fragment="true" id="org.eclipse.core.filesystem.linux.x86.nl_zh_TW" unpack="false" version="4.5.0.v20151128060001" download-size="1423" install-size="1423" />
	<plugin fragment="true" id="org.eclipse.core.filesystem.linux.x86_64.nl_zh_TW" unpack="false" version="4.5.0.v20151128060001" download-size="1427" install-size="1427" />
	<plugin fragment="true" id="org.eclipse.core.filesystem.macosx.nl_zh_TW" unpack="false" version="4.5.0.v20151128060001" download-size="1408" install-size="1408" />
	<plugin fragment="true" id="org.eclipse.core.filesystem.nl_zh_TW" unpack="false" version="4.5.0.v20151128060001" download-size="3005" install-size="3005" />
	<plugin fragment="true" id="org.eclipse.core.filesystem.solaris.sparc.nl_zh_TW" unpack="false" version="4.5.0.v20151128060001" download-size="1424" install-size="1424" />
	<plugin fragment="true" id="org.eclipse.core.filesystem.solaris.sparcv9.nl_zh_TW" unpack="false" version="4.5.0.v20151128060001" download-size="1390" install-size="1390" />
	<plugin fragment="true" id="org.eclipse.core.filesystem.win32.ia64.nl_zh_TW" unpack="false" version="4.5.0.v20151128060001" download-size="1385" install-size="1385" />
	<plugin fragment="true" id="org.eclipse.core.filesystem.win32.x86.nl_zh_TW" unpack="false" version="4.5.0.v20151128060001" download-size="1424" install-size="1424" />
	<plugin fragment="true" id="org.eclipse.core.filesystem.win32.x86_64.nl_zh_TW" unpack="false" version="4.5.0.v20151128060001" download-size="1427" install-size="1427" />
	<plugin fragment="true" id="org.eclipse.core.net.linux.x86.nl_zh_TW" unpack="false" version="4.5.0.v20151128060001" download-size="1464" install-size="1464" />
	<plugin fragment="true" id="org.eclipse.core.net.linux.x86_64.nl_zh_TW" unpack="false" version="4.5.0.v20151128060001" download-size="1421" install-size="1421" />
	<plugin fragment="true" id="org.eclipse.core.net.nl_zh_TW" unpack="false" version="4.5.0.v20151128060001" download-size="2271" install-size="2271" />
	<plugin fragment="true" id="org.eclipse.core.net.win32.x86.nl_zh_TW" unpack="false" version="4.5.0.v20151128060001" download-size="1467" install-size="1467" />
	<plugin fragment="true" id="org.eclipse.core.net.win32.x86_64.nl_zh_TW" unpack="false" version="4.5.0.v20151128060001" download-size="1470" install-size="1470" />
	<plugin fragment="true" id="org.eclipse.core.resources.nl_zh_TW" unpack="false" version="4.5.0.v20151128060001" download-size="9427" install-size="9427" />
	<plugin fragment="true" id="org.eclipse.core.variables.nl_zh_TW" unpack="false" version="4.5.0.v20151128060001" download-size="2580" install-size="2580" />
	<plugin fragment="true" id="org.eclipse.debug.core.nl_zh_TW" unpack="false" version="4.5.0.v20151128060001" download-size="7350" install-size="7350" />
	<plugin fragment="true" id="org.eclipse.debug.examples.core.nl_zh_TW" unpack="false" version="4.5.0.v20151128060001" download-size="1602" install-size="1602" />
	<plugin fragment="true" id="org.eclipse.debug.examples.memory.nl_zh_TW" unpack="false" version="4.5.0.v20151128060001" download-size="2630" install-size="2630" />
	<plugin fragment="true" id="org.eclipse.debug.examples.mixedmode.nl_zh_TW" unpack="false" version="4.5.0.v20151128060001" download-size="1605" install-size="1605" />
	<plugin fragment="true" id="org.eclipse.debug.examples.ui.nl_zh_TW" unpack="false" version="4.5.0.v20151128060001" download-size="2988" install-size="2988" />
	<plugin fragment="true" id="org.eclipse.debug.ui.nl_zh_TW" unpack="false" version="4.5.0.v20151128060001" download-size="33750" install-size="33750" />
	<plugin fragment="true" id="org.eclipse.e4.core.commands.nl_zh_TW" unpack="false" version="4.5.0.v20151128060001" download-size="1373" install-size="1373" />
	<plugin fragment="true" id="org.eclipse.e4.demo.contacts.nl_zh_TW" unpack="false" version="4.5.0.v20151128060001" download-size="1557" install-size="1557" />
	<plugin fragment="true" id="org.eclipse.e4.emf.xpath.nl_zh_TW" unpack="false" version="4.5.0.v20151128060001" download-size="1596" install-size="1596" />
	<plugin fragment="true" id="org.eclipse.e4.ui.bindings.nl_zh_TW" unpack="false" version="4.5.0.v20151128060001" download-size="1372" install-size="1372" />
	<plugin fragment="true" id="org.eclipse.e4.ui.css.core.nl_zh_TW" unpack="false" version="4.5.0.v20151128060001" download-size="1371" install-size="1371" />
	<plugin fragment="true" id="org.eclipse.e4.ui.css.swt.nl_zh_TW" unpack="false" version="4.5.0.v20151128060001" download-size="1371" install-size="1371" />
	<plugin fragment="true" id="org.eclipse.e4.ui.css.swt.theme.nl_zh_TW" unpack="false" version="4.5.0.v20151128060001" download-size="1420" install-size="1420" />
	<plugin fragment="true" id="org.eclipse.e4.ui.di.nl_zh_TW" unpack="false" version="4.5.0.v20151128060001" download-size="1368" install-size="1368" />
	<plugin fragment="true" id="org.eclipse.e4.ui.dialogs.nl_zh_TW" unpack="false" version="4.5.0.v20151128060001" download-size="2457" install-size="2457" />
	<plugin fragment="true" id="org.eclipse.e4.ui.menu.tests.p3.nl_zh_TW" unpack="false" version="4.5.0.v20151128060001" download-size="1560" install-size="1560" />
	<plugin fragment="true" id="org.eclipse.e4.ui.model.workbench.nl_zh_TW" unpack="false" version="4.5.0.v20151128060001" download-size="1377" install-size="1377" />
	<plugin fragment="true" id="org.eclipse.e4.ui.progress.nl_zh_TW" unpack="false" version="4.5.0.v20151128060001" download-size="3754" install-size="3754" />
	<plugin fragment="true" id="org.eclipse.e4.ui.services.nl_zh_TW" unpack="false" version="4.5.0.v20151128060001" download-size="1371" install-size="1371" />
	<plugin fragment="true" id="org.eclipse.e4.ui.swt.gtk.nl_zh_TW" unpack="false" version="4.5.0.v20151128060001" download-size="1383" install-size="1383" />
	<plugin fragment="true" id="org.eclipse.e4.ui.widgets.nl_zh_TW" unpack="false" version="4.5.0.v20151128060001" download-size="1371" install-size="1371" />
	<plugin fragment="true" id="org.eclipse.e4.ui.workbench.addons.swt.nl_zh_TW" unpack="false" version="4.5.0.v20151128060001" download-size="2662" install-size="2662" />
	<plugin fragment="true" id="org.eclipse.e4.ui.workbench.nl_zh_TW" unpack="false" version="4.5.0.v20151128060001" download-size="1373" install-size="1373" />
	<plugin fragment="true" id="org.eclipse.e4.ui.workbench.renderers.swt.cocoa.nl_zh_TW" unpack="false" version="4.5.0.v20151128060001" download-size="2843" install-size="2843" />
	<plugin fragment="true" id="org.eclipse.e4.ui.workbench.renderers.swt.nl_zh_TW" unpack="false" version="4.5.0.v20151128060001" download-size="3596" install-size="3596" />
	<plugin fragment="true" id="org.eclipse.e4.ui.workbench.swt.nl_zh_TW" unpack="false" version="4.5.0.v20151128060001" download-size="3403" install-size="3403" />
	<plugin fragment="true" id="org.eclipse.e4.ui.workbench3.nl_zh_TW" unpack="false" version="4.5.0.v20151128060001" download-size="1374" install-size="1374" />
	<plugin fragment="true" id="org.eclipse.equinox.frameworkadmin.equinox.nl_zh_TW" unpack="false" version="4.5.0.v20151128060001" download-size="1383" install-size="1383" />
	<plugin fragment="true" id="org.eclipse.equinox.frameworkadmin.nl_zh_TW" unpack="false" version="4.5.0.v20151128060001" download-size="1381" install-size="1381" />
	<plugin fragment="true" id="org.eclipse.equinox.launcher.cocoa.macosx.x86_64.nl_zh_TW" unpack="false" version="4.5.0.v20151128060001" download-size="1479" install-size="1479" />
	<plugin fragment="true" id="org.eclipse.equinox.launcher.gtk.aix.ppc.nl_zh_TW" unpack="false" version="4.5.0.v20151128060001" download-size="1455" install-size="1455" />
	<plugin fragment="true" id="org.eclipse.equinox.launcher.gtk.aix.ppc64.nl_zh_TW" unpack="false" version="4.5.0.v20151128060001" download-size="1462" install-size="1462" />
	<plugin fragment="true" id="org.eclipse.equinox.launcher.gtk.hpux.ia64.nl_zh_TW" unpack="false" version="4.5.0.v20151128060001" download-size="1415" install-size="1415" />
	<plugin fragment="true" id="org.eclipse.equinox.launcher.gtk.hpux.ia64_32.nl_zh_TW" unpack="false" version="4.5.0.v20151128060001" download-size="1471" install-size="1471" />
	<plugin fragment="true" id="org.eclipse.equinox.launcher.gtk.linux.ppc.nl_zh_TW" unpack="false" version="4.5.0.v20151128060001" download-size="1476" install-size="1476" />
	<plugin fragment="true" id="org.eclipse.equinox.launcher.gtk.linux.ppc64.nl_zh_TW" unpack="false" version="4.5.0.v20151128060001" download-size="1467" install-size="1467" />
	<plugin fragment="true" id="org.eclipse.equinox.launcher.gtk.linux.ppc64le.nl_zh_TW" unpack="false" version="4.5.0.v20151128060001" download-size="1429" install-size="1429" />
	<plugin fragment="true" id="org.eclipse.equinox.launcher.gtk.linux.s390.nl_zh_TW" unpack="false" version="4.5.0.v20151128060001" download-size="1522" install-size="1522" />
	<plugin fragment="true" id="org.eclipse.equinox.launcher.gtk.linux.s390x.nl_zh_TW" unpack="false" version="4.5.0.v20151128060001" download-size="1526" install-size="1526" />
	<plugin fragment="true" id="org.eclipse.equinox.launcher.gtk.linux.x86.nl_zh_TW" unpack="false" version="4.5.0.v20151128060001" download-size="1520" install-size="1520" />
	<plugin fragment="true" id="org.eclipse.equinox.launcher.gtk.linux.x86_64.nl_zh_TW" unpack="false" version="4.5.0.v20151128060001" download-size="1533" install-size="1533" />
	<plugin fragment="true" id="org.eclipse.equinox.launcher.gtk.solaris.sparc.nl_zh_TW" unpack="false" version="4.5.0.v20151128060001" download-size="1471" install-size="1471" />
	<plugin fragment="true" id="org.eclipse.equinox.launcher.gtk.solaris.x86.nl_zh_TW" unpack="false" version="4.5.0.v20151128060001" download-size="1527" install-size="1527" />
	<plugin fragment="true" id="org.eclipse.equinox.launcher.nl_zh_TW" unpack="false" version="4.5.0.v20151128060001" download-size="1417" install-size="1417" />
	<plugin fragment="true" id="org.eclipse.equinox.launcher.win32.win32.ia64.nl_zh_TW" unpack="false" version="4.5.0.v20151128060001" download-size="1487" install-size="1487" />
	<plugin fragment="true" id="org.eclipse.equinox.launcher.win32.win32.x86.nl_zh_TW" unpack="false" version="4.5.0.v20151128060001" download-size="1522" install-size="1522" />
	<plugin fragment="true" id="org.eclipse.equinox.launcher.win32.win32.x86_64.nl_zh_TW" unpack="false" version="4.5.0.v20151128060001" download-size="1535" install-size="1535" />
	<plugin fragment="true" id="org.eclipse.equinox.launcher.wpf.win32.x86.nl_zh_TW" unpack="false" version="4.5.0.v20151128060001" download-size="1518" install-size="1518" />
	<plugin fragment="true" id="org.eclipse.equinox.p2.artifact.optimizers.nl_zh_TW" unpack="false" version="4.5.0.v20151128060001" download-size="1386" install-size="1386" />
	<plugin fragment="true" id="org.eclipse.equinox.p2.artifact.processors.nl_zh_TW" unpack="false" version="4.5.0.v20151128060001" download-size="1385" install-size="1385" />
	<plugin fragment="true" id="org.eclipse.equinox.p2.artifact.repository.nl_zh_TW" unpack="false" version="4.5.0.v20151128060001" download-size="3293" install-size="3293" />
	<plugin fragment="true" id="org.eclipse.equinox.p2.console.nl_zh_TW" unpack="false" version="4.5.0.v20151128060001" download-size="1375" install-size="1375" />
	<plugin fragment="true" id="org.eclipse.equinox.p2.core.nl_zh_TW" unpack="false" version="4.5.0.v20151128060001" download-size="2711" install-size="2711" />
	<plugin fragment="true" id="org.eclipse.equinox.p2.director.app.nl_zh_TW" unpack="false" version="4.5.0.v20151128060001" download-size="1381" install-size="1381" />
	<plugin fragment="true" id="org.eclipse.equinox.p2.director.nl_zh_TW" unpack="false" version="4.5.0.v20151128060001" download-size="2439" install-size="2439" />
	<plugin fragment="true" id="org.eclipse.equinox.p2.directorywatcher.nl_zh_TW" unpack="false" version="4.5.0.v20151128060001" download-size="1385" install-size="1385" />
	<plugin fragment="true" id="org.eclipse.equinox.p2.discovery.compatibility.nl_zh_TW" unpack="false" version="4.5.0.v20151128060001" download-size="2760" install-size="2760" />
	<plugin fragment="true" id="org.eclipse.equinox.p2.discovery.nl_zh_TW" unpack="false" version="4.5.0.v20151128060001" download-size="1380" install-size="1380" />
	<plugin fragment="true" id="org.eclipse.equinox.p2.engine.nl_zh_TW" unpack="false" version="4.5.0.v20151128060001" download-size="2461" install-size="2461" />
	<plugin fragment="true" id="org.eclipse.equinox.p2.examples.rcp.cloud.nl_zh_TW" unpack="false" version="4.5.0.v20151128060001" download-size="1490" install-size="1490" />
	<plugin fragment="true" id="org.eclipse.equinox.p2.examples.rcp.discovery.nl_zh_TW" unpack="false" version="4.5.0.v20151128060001" download-size="1493" install-size="1493" />
	<plugin fragment="true" id="org.eclipse.equinox.p2.examples.rcp.sdkbundlevisibility.nl_zh_TW" unpack="false" version="4.5.0.v20151128060001" download-size="3336" install-size="3336" />
	<plugin fragment="true" id="org.eclipse.equinox.p2.extensionlocation.nl_zh_TW" unpack="false" version="4.5.0.v20151128060001" download-size="1382" install-size="1382" />
	<plugin fragment="true" id="org.eclipse.equinox.p2.garbagecollector.nl_zh_TW" unpack="false" version="4.5.0.v20151128060001" download-size="1385" install-size="1385" />
	<plugin fragment="true" id="org.eclipse.equinox.p2.installer.nl_zh_TW" unpack="false" version="4.5.0.v20151128060001" download-size="2684" install-size="2684" />
	<plugin fragment="true" id="org.eclipse.equinox.p2.jarprocessor.nl_zh_TW" unpack="false" version="4.5.0.v20151128060001" download-size="1380" install-size="1380" />
	<plugin fragment="true" id="org.eclipse.equinox.p2.metadata.nl_zh_TW" unpack="false" version="4.5.0.v20151128060001" download-size="1376" install-size="1376" />
	<plugin fragment="true" id="org.eclipse.equinox.p2.metadata.repository.nl_zh_TW" unpack="false" version="4.5.0.v20151128060001" download-size="2654" install-size="2654" />
	<plugin fragment="true" id="org.eclipse.equinox.p2.operations.nl_zh_TW" unpack="false" version="4.5.0.v20151128060001" download-size="2486" install-size="2486" />
	<plugin fragment="true" id="org.eclipse.equinox.p2.publisher.eclipse.nl_zh_TW" unpack="false" version="4.5.0.v20151128060001" download-size="2861" install-size="2861" />
	<plugin fragment="true" id="org.eclipse.equinox.p2.publisher.nl_zh_TW" unpack="false" version="4.5.0.v20151128060001" download-size="2480" install-size="2480" />
	<plugin fragment="true" id="org.eclipse.equinox.p2.reconciler.dropins.nl_zh_TW" unpack="false" version="4.5.0.v20151128060001" download-size="1384" install-size="1384" />
	<plugin fragment="true" id="org.eclipse.equinox.p2.repository.nl_zh_TW" unpack="false" version="4.5.0.v20151128060001" download-size="2987" install-size="2987" />
	<plugin fragment="true" id="org.eclipse.equinox.p2.repository.tools.nl_zh_TW" unpack="false" version="4.5.0.v20151128060001" download-size="3434" install-size="3434" />
	<plugin fragment="true" id="org.eclipse.equinox.p2.tests.discovery.nl_zh_TW" unpack="false" version="4.5.0.v20151128060001" download-size="1414" install-size="1414" />
	<plugin fragment="true" id="org.eclipse.equinox.p2.tests.ui.nl_zh_TW" unpack="false" version="4.5.0.v20151128060001" download-size="1374" install-size="1374" />
	<plugin fragment="true" id="org.eclipse.equinox.p2.tests.verifier.nl_zh_TW" unpack="false" version="4.5.0.v20151128060001" download-size="4763" install-size="4763" />
	<plugin fragment="true" id="org.eclipse.equinox.p2.touchpoint.eclipse.nl_zh_TW" unpack="false" version="4.5.0.v20151128060001" download-size="1382" install-size="1382" />
	<plugin fragment="true" id="org.eclipse.equinox.p2.touchpoint.natives.nl_zh_TW" unpack="false" version="4.5.0.v20151128060001" download-size="2711" install-size="2711" />
	<plugin fragment="true" id="org.eclipse.equinox.p2.transport.ecf.nl_zh_TW" unpack="false" version="4.5.0.v20151128060001" download-size="1377" install-size="1377" />
	<plugin fragment="true" id="org.eclipse.equinox.p2.ui.admin.nl_zh_TW" unpack="false" version="4.5.0.v20151128060001" download-size="2876" install-size="2876" />
	<plugin fragment="true" id="org.eclipse.equinox.p2.ui.admin.rcp.nl_zh_TW" unpack="false" version="4.5.0.v20151128060001" download-size="2811" install-size="2811" />
	<plugin fragment="true" id="org.eclipse.equinox.p2.ui.discovery.nl_zh_TW" unpack="false" version="4.5.0.v20151128060001" download-size="3378" install-size="3378" />
	<plugin fragment="true" id="org.eclipse.equinox.p2.ui.importexport.nl_zh_TW" unpack="false" version="4.5.0.v20151128060001" download-size="2932" install-size="2932" />
	<plugin fragment="true" id="org.eclipse.equinox.p2.ui.nl_zh_TW" unpack="false" version="4.5.0.v20151128060001" download-size="6982" install-size="6982" />
	<plugin fragment="true" id="org.eclipse.equinox.p2.ui.sdk.nl_zh_TW" unpack="false" version="4.5.0.v20151128060001" download-size="3531" install-size="3531" />
	<plugin fragment="true" id="org.eclipse.equinox.p2.ui.sdk.scheduler.nl_zh_TW" unpack="false" version="4.5.0.v20151128060001" download-size="3851" install-size="3851" />
	<plugin fragment="true" id="org.eclipse.equinox.p2.updatechecker.nl_zh_TW" unpack="false" version="4.5.0.v20151128060001" download-size="1379" install-size="1379" />
	<plugin fragment="true" id="org.eclipse.equinox.p2.updatesite.nl_zh_TW" unpack="false" version="4.5.0.v20151128060001" download-size="2877" install-size="2877" />
	<plugin fragment="true" id="org.eclipse.equinox.simpleconfigurator.manipulator.nl_zh_TW" unpack="false" version="4.5.0.v20151128060001" download-size="1391" install-size="1391" />
	<plugin fragment="true" id="org.eclipse.equinox.simpleconfigurator.nl_zh_TW" unpack="false" version="4.5.0.v20151128060001" download-size="1382" install-size="1382" />
	<plugin fragment="true" id="org.eclipse.help.base.nl_zh_TW" unpack="false" version="4.5.0.v20151128060001" download-size="3919" install-size="3919" />
	<plugin fragment="true" id="org.eclipse.help.nl_zh_TW" unpack="false" version="4.5.0.v20151128060001" download-size="1529" install-size="1529" />
	<plugin fragment="true" id="org.eclipse.help.ui.nl_zh_TW" unpack="false" version="4.5.0.v20151128060001" download-size="5689" install-size="5689" />
	<plugin fragment="true" id="org.eclipse.help.webapp.nl_zh_TW" unpack="false" version="4.5.0.v20151128060001" download-size="4722" install-size="4722" />
	<plugin fragment="true" id="org.eclipse.jdt.annotation.nl_zh_TW" unpack="false" version="4.5.0.v20151128060001" download-size="1371" install-size="1371" />
	<plugin fragment="true" id="org.eclipse.jdt.annotation_v1.nl_zh_TW" unpack="false" version="4.5.0.v20151128060001" download-size="1374" install-size="1374" />
	<plugin fragment="true" id="org.eclipse.jdt.apt.core.nl_zh_TW" unpack="false" version="4.5.0.v20151128060001" download-size="3934" install-size="3934" />
	<plugin fragment="true" id="org.eclipse.jdt.apt.pluggable.core.nl_zh_TW" unpack="false" version="4.5.0.v20151128060001" download-size="1472" install-size="1472" />
	<plugin fragment="true" id="org.eclipse.jdt.apt.ui.nl_zh_TW" unpack="false" version="4.5.0.v20151128060001" download-size="4731" install-size="4731" />
	<plugin fragment="true" id="org.eclipse.jdt.astview.nl_zh_TW" unpack="false" version="4.5.0.v20151128060001" download-size="1371" install-size="1371" />
	<plugin fragment="true" id="org.eclipse.jdt.compiler.apt.nl_zh_TW" unpack="false" version="4.5.0.v20151128060001" download-size="1404" install-size="1404" />
	<plugin fragment="true" id="org.eclipse.jdt.compiler.tool.nl_zh_TW" unpack="false" version="4.5.0.v20151128060001" download-size="1406" install-size="1406" />
	<plugin fragment="true" id="org.eclipse.jdt.core.manipulation.nl_zh_TW" unpack="false" version="4.5.0.v20151128060001" download-size="4260" install-size="4260" />
	<plugin fragment="true" id="org.eclipse.jdt.core.nl_zh_TW" unpack="false" version="4.5.0.v20151128060001" download-size="24297" install-size="24297" />
	<plugin fragment="true" id="org.eclipse.jdt.core.tests.builder.nl_zh_TW" unpack="false" version="4.5.0.v20151128060001" download-size="1422" install-size="1422" />
	<plugin fragment="true" id="org.eclipse.jdt.core.tests.compiler.nl_zh_TW" unpack="false" version="4.5.0.v20151128060001" download-size="1420" install-size="1420" />
	<plugin fragment="true" id="org.eclipse.jdt.core.tests.model.nl_zh_TW" unpack="false" version="4.5.0.v20151128060001" download-size="11196" install-size="11196" />
	<plugin fragment="true" id="org.eclipse.jdt.core.tests.performance.nl_zh_TW" unpack="false" version="4.5.0.v20151128060001" download-size="1428" install-size="1428" />
	<plugin fragment="true" id="org.eclipse.jdt.debug.nl_zh_TW" unpack="false" version="4.5.0.v20151128060001" download-size="22718" install-size="22718" />
	<plugin fragment="true" id="org.eclipse.jdt.debug.ui.nl_zh_TW" unpack="false" version="4.5.0.v20151128060001" download-size="31801" install-size="31801" />
	<plugin fragment="true" id="org.eclipse.jdt.jeview.nl_zh_TW" unpack="false" version="4.5.0.v20151128060001" download-size="1369" install-size="1369" />
	<plugin fragment="true" id="org.eclipse.jdt.junit.core.nl_zh_TW" unpack="false" version="4.5.0.v20151128060001" download-size="4226" install-size="4226" />
	<plugin fragment="true" id="org.eclipse.jdt.junit.nl_zh_TW" unpack="false" version="4.5.0.v20151128060001" download-size="9628" install-size="9628" />
	<plugin fragment="true" id="org.eclipse.jdt.junit.runtime.nl_zh_TW" unpack="false" version="4.5.0.v20151128060001" download-size="2992" install-size="2992" />
	<plugin fragment="true" id="org.eclipse.jdt.junit4.runtime.nl_zh_TW" unpack="false" version="4.5.0.v20151128060001" download-size="1444" install-size="1444" />
	<plugin fragment="true" id="org.eclipse.jdt.launching.macosx.nl_zh_TW" unpack="false" version="4.5.0.v20151128060001" download-size="2539" install-size="2539" />
	<plugin fragment="true" id="org.eclipse.jdt.launching.nl_zh_TW" unpack="false" version="4.5.0.v20151128060001" download-size="7331" install-size="7331" />
	<plugin fragment="true" id="org.eclipse.jdt.launching.ui.macosx.nl_zh_TW" unpack="false" version="4.5.0.v20151128060001" download-size="3231" install-size="3231" />
	<plugin fragment="true" id="org.eclipse.jdt.nl_zh_TW" unpack="false" version="4.5.0.v20151128060001" download-size="1596" install-size="1596" />
	<plugin fragment="true" id="org.eclipse.jdt.ui.examples.javafamily.nl_zh_TW" unpack="false" version="4.5.0.v20151128060001" download-size="2289" install-size="2289" />
	<plugin fragment="true" id="org.eclipse.jdt.ui.examples.projects.nl_zh_TW" unpack="false" version="4.5.0.v20151128060001" download-size="2822" install-size="2822" />
	<plugin fragment="true" id="org.eclipse.jdt.ui.nl_zh_TW" unpack="false" version="4.5.0.v20151128060001" download-size="169428" install-size="169428" />
	<plugin fragment="true" id="org.eclipse.jdt.ui.tests.refactoring.nl_zh_TW" unpack="false" version="4.5.0.v20151128060001" download-size="1428" install-size="1428" />
	<plugin fragment="true" id="org.eclipse.jface.databinding.nl_zh_TW" unpack="false" version="4.5.0.v20151128060001" download-size="1439" install-size="1439" />
	<plugin fragment="true" id="org.eclipse.jface.examples.databinding.nl_zh_TW" unpack="false" version="4.5.0.v20151128060001" download-size="1429" install-size="1429" />
	<plugin fragment="true" id="org.eclipse.jface.nl_zh_TW" unpack="false" version="4.5.0.v20151128060001" download-size="5496" install-size="5496" />
	<plugin fragment="true" id="org.eclipse.jface.tests.databinding.conformance.nl_zh_TW" unpack="false" version="4.5.0.v20151128060001" download-size="1446" install-size="1446" />
	<plugin fragment="true" id="org.eclipse.jface.tests.databinding.nl_zh_TW" unpack="false" version="4.5.0.v20151128060001" download-size="1426" install-size="1426" />
	<plugin fragment="true" id="org.eclipse.jface.text.nl_zh_TW" unpack="false" version="4.5.0.v20151128060001" download-size="12040" install-size="12040" />
	<plugin fragment="true" id="org.eclipse.jsch.core.nl_zh_TW" unpack="false" version="4.5.0.v20151128060001" download-size="2512" install-size="2512" />
	<plugin fragment="true" id="org.eclipse.jsch.ui.nl_zh_TW" unpack="false" version="4.5.0.v20151128060001" download-size="4026" install-size="4026" />
	<plugin fragment="true" id="org.eclipse.ltk.core.refactoring.nl_zh_TW" unpack="false" version="4.5.0.v20151128060001" download-size="5709" install-size="5709" />
	<plugin fragment="true" id="org.eclipse.ltk.ui.refactoring.nl_zh_TW" unpack="false" version="4.5.0.v20151128060001" download-size="8243" install-size="8243" />
	<plugin fragment="true" id="org.eclipse.osgi.compatibility.plugins.nl_zh_TW" unpack="false" version="4.5.0.v20151128060001" download-size="2996" install-size="2996" />
	<plugin fragment="true" id="org.eclipse.osgi.compatibility.state.nl_zh_TW" unpack="false" version="4.5.0.v20151128060001" download-size="3130" install-size="3130" />
	<plugin fragment="true" id="org.eclipse.osgi.nl_zh_TW" unpack="false" version="4.5.0.v20151128060001" download-size="5575" install-size="5575" />
	<plugin fragment="true" id="org.eclipse.osgi.services.nl_zh_TW" unpack="false" version="4.5.0.v20151128060001" download-size="1372" install-size="1372" />
	<plugin fragment="true" id="org.eclipse.osgi.util.nl_zh_TW" unpack="false" version="4.5.0.v20151128060001" download-size="1367" install-size="1367" />
	<plugin fragment="true" id="org.eclipse.pde.api.tools.annotations.nl_zh_TW" unpack="false" version="4.5.0.v20151128060001" download-size="1608" install-size="1608" />
	<plugin fragment="true" id="org.eclipse.pde.api.tools.ee.cdcfoundation10.nl_zh_TW" unpack="false" version="4.5.0.v20151128060001" download-size="1417" install-size="1417" />
	<plugin fragment="true" id="org.eclipse.pde.api.tools.ee.cdcfoundation11.nl_zh_TW" unpack="false" version="4.5.0.v20151128060001" download-size="1417" install-size="1417" />
	<plugin fragment="true" id="org.eclipse.pde.api.tools.ee.j2se12.nl_zh_TW" unpack="false" version="4.5.0.v20151128060001" download-size="1393" install-size="1393" />
	<plugin fragment="true" id="org.eclipse.pde.api.tools.ee.j2se13.nl_zh_TW" unpack="false" version="4.5.0.v20151128060001" download-size="1393" install-size="1393" />
	<plugin fragment="true" id="org.eclipse.pde.api.tools.ee.j2se14.nl_zh_TW" unpack="false" version="4.5.0.v20151128060001" download-size="1393" install-size="1393" />
	<plugin fragment="true" id="org.eclipse.pde.api.tools.ee.j2se15.nl_zh_TW" unpack="false" version="4.5.0.v20151128060001" download-size="1393" install-size="1393" />
	<plugin fragment="true" id="org.eclipse.pde.api.tools.ee.javase16.nl_zh_TW" unpack="false" version="4.5.0.v20151128060001" download-size="1399" install-size="1399" />
	<plugin fragment="true" id="org.eclipse.pde.api.tools.ee.javase17.nl_zh_TW" unpack="false" version="4.5.0.v20151128060001" download-size="1399" install-size="1399" />
	<plugin fragment="true" id="org.eclipse.pde.api.tools.ee.javase18.nl_zh_TW" unpack="false" version="4.5.0.v20151128060001" download-size="1605" install-size="1605" />
	<plugin fragment="true" id="org.eclipse.pde.api.tools.ee.jre11.nl_zh_TW" unpack="false" version="4.5.0.v20151128060001" download-size="1390" install-size="1390" />
	<plugin fragment="true" id="org.eclipse.pde.api.tools.ee.osgiminimum10.nl_zh_TW" unpack="false" version="4.5.0.v20151128060001" download-size="1414" install-size="1414" />
	<plugin fragment="true" id="org.eclipse.pde.api.tools.ee.osgiminimum11.nl_zh_TW" unpack="false" version="4.5.0.v20151128060001" download-size="1413" install-size="1413" />
	<plugin fragment="true" id="org.eclipse.pde.api.tools.ee.osgiminimum12.nl_zh_TW" unpack="false" version="4.5.0.v20151128060001" download-size="1413" install-size="1413" />
	<plugin fragment="true" id="org.eclipse.pde.api.tools.generator.nl_zh_TW" unpack="false" version="4.5.0.v20151128060001" download-size="1806" install-size="1806" />
	<plugin fragment="true" id="org.eclipse.pde.api.tools.nl_zh_TW" unpack="false" version="4.5.0.v20151128060001" download-size="11005" install-size="11005" />
	<plugin fragment="true" id="org.eclipse.pde.api.tools.ui.nl_zh_TW" unpack="false" version="4.5.0.v20151128060001" download-size="10721" install-size="10721" />
	<plugin fragment="true" id="org.eclipse.pde.core.nl_zh_TW" unpack="false" version="4.5.0.v20151128060001" download-size="9104" install-size="9104" />
	<plugin fragment="true" id="org.eclipse.pde.ds.core.nl_zh_TW" unpack="false" version="4.5.0.v20151128060001" download-size="2405" install-size="2405" />
	<plugin fragment="true" id="org.eclipse.pde.ds.ui.nl_zh_TW" unpack="false" version="4.5.0.v20151128060001" download-size="2722" install-size="2722" />
	<plugin fragment="true" id="org.eclipse.pde.junit.runtime.nl_zh_TW" unpack="false" version="4.5.0.v20151128060001" download-size="1429" install-size="1429" />
	<plugin fragment="true" id="org.eclipse.pde.launching.nl_zh_TW" unpack="false" version="4.5.0.v20151128060001" download-size="3244" install-size="3244" />
	<plugin fragment="true" id="org.eclipse.pde.nl_zh_TW" unpack="false" version="4.5.0.v20151128060001" download-size="1437" install-size="1437" />
	<plugin fragment="true" id="org.eclipse.pde.runtime.nl_zh_TW" unpack="false" version="4.5.0.v20151128060001" download-size="3577" install-size="3577" />
	<plugin fragment="true" id="org.eclipse.pde.ua.core.nl_zh_TW" unpack="false" version="4.5.0.v20151128060001" download-size="1479" install-size="1479" />
	<plugin fragment="true" id="org.eclipse.pde.ua.ui.nl_zh_TW" unpack="false" version="4.5.0.v20151128060001" download-size="16071" install-size="16071" />
	<plugin fragment="true" id="org.eclipse.pde.ui.nl_zh_TW" unpack="false" version="4.5.0.v20151128060001" download-size="40032" install-size="40032" />
	<plugin fragment="true" id="org.eclipse.pde.ui.templates.nl_zh_TW" unpack="false" version="4.5.0.v20151128060001" download-size="9556" install-size="9556" />
	<plugin fragment="true" id="org.eclipse.platform.nl_zh_TW" unpack="false" version="4.5.0.v20151128060001" download-size="2931" install-size="2931" />
	<plugin fragment="true" id="org.eclipse.sdk.nl_zh_TW" unpack="false" version="4.5.0.v20151128060001" download-size="2795" install-size="2795" />
	<plugin fragment="true" id="org.eclipse.search.nl_zh_TW" unpack="false" version="4.5.0.v20151128060001" download-size="8681" install-size="8681" />
	<plugin fragment="true" id="org.eclipse.swt.cocoa.macosx.x86_64.nl_zh_TW" unpack="false" version="4.5.0.v20151128060001" download-size="1430" install-size="1430" />
	<plugin fragment="true" id="org.eclipse.swt.examples.browser.demos.nl_zh_TW" unpack="false" version="4.5.0.v20151128060001" download-size="2071" install-size="2071" />
	<plugin fragment="true" id="org.eclipse.swt.examples.launcher.nl_zh_TW" unpack="false" version="4.5.0.v20151128060001" download-size="2211" install-size="2211" />
	<plugin fragment="true" id="org.eclipse.swt.examples.nl_zh_TW" unpack="false" version="4.5.0.v20151128060001" download-size="18660" install-size="18660" />
	<plugin fragment="true" id="org.eclipse.swt.examples.ole.win32.nl_zh_TW" unpack="false" version="4.5.0.v20151128060001" download-size="2342" install-size="2342" />
	<plugin fragment="true" id="org.eclipse.swt.examples.views.nl_zh_TW" unpack="false" version="4.5.0.v20151128060001" download-size="2343" install-size="2343" />
	<plugin fragment="true" id="org.eclipse.swt.fragments.localbuild.nl_zh_TW" unpack="false" version="4.5.0.v20151128060001" download-size="1376" install-size="1376" />
	<plugin fragment="true" id="org.eclipse.swt.gtk.aix.ppc.nl_zh_TW" unpack="false" version="4.5.0.v20151128060001" download-size="1421" install-size="1421" />
	<plugin fragment="true" id="org.eclipse.swt.gtk.aix.ppc64.nl_zh_TW" unpack="false" version="4.5.0.v20151128060001" download-size="1425" install-size="1425" />
	<plugin fragment="true" id="org.eclipse.swt.gtk.hpux.ia64.nl_zh_TW" unpack="false" version="4.5.0.v20151128060001" download-size="1380" install-size="1380" />
	<plugin fragment="true" id="org.eclipse.swt.gtk.hpux.ia64_32.nl_zh_TW" unpack="false" version="4.5.0.v20151128060001" download-size="1428" install-size="1428" />
	<plugin fragment="true" id="org.eclipse.swt.gtk.linux.ppc.nl_zh_TW" unpack="false" version="4.5.0.v20151128060001" download-size="1379" install-size="1379" />
	<plugin fragment="true" id="org.eclipse.swt.gtk.linux.ppc64.nl_zh_TW" unpack="false" version="4.5.0.v20151128060001" download-size="1427" install-size="1427" />
	<plugin fragment="true" id="org.eclipse.swt.gtk.linux.ppc64le.nl_zh_TW" unpack="false" version="4.5.0.v20151128060001" download-size="1382" install-size="1382" />
	<plugin fragment="true" id="org.eclipse.swt.gtk.linux.s390.nl_zh_TW" unpack="false" version="4.5.0.v20151128060001" download-size="1426" install-size="1426" />
	<plugin fragment="true" id="org.eclipse.swt.gtk.linux.s390x.nl_zh_TW" unpack="false" version="4.5.0.v20151128060001" download-size="1427" install-size="1427" />
	<plugin fragment="true" id="org.eclipse.swt.gtk.linux.x86.nl_zh_TW" unpack="false" version="4.5.0.v20151128060001" download-size="1425" install-size="1425" />
	<plugin fragment="true" id="org.eclipse.swt.gtk.linux.x86_64.nl_zh_TW" unpack="false" version="4.5.0.v20151128060001" download-size="1428" install-size="1428" />
	<plugin fragment="true" id="org.eclipse.swt.gtk.solaris.sparc.nl_zh_TW" unpack="false" version="4.5.0.v20151128060001" download-size="1426" install-size="1426" />
	<plugin fragment="true" id="org.eclipse.swt.gtk.solaris.x86.nl_zh_TW" unpack="false" version="4.5.0.v20151128060001" download-size="1425" install-size="1425" />
	<plugin fragment="true" id="org.eclipse.swt.nl_zh_TW" unpack="false" version="4.5.0.v20151128060001" download-size="3163" install-size="3163" />
	<plugin fragment="true" id="org.eclipse.swt.opengl.examples.nl_zh_TW" unpack="false" version="4.5.0.v20151128060001" download-size="1741" install-size="1741" />
	<plugin fragment="true" id="org.eclipse.swt.snippets.nl_zh_TW" unpack="false" version="4.5.0.v20151128060001" download-size="1370" install-size="1370" />
	<plugin fragment="true" id="org.eclipse.swt.tools.nl_zh_TW" unpack="false" version="4.5.0.v20151128060001" download-size="1418" install-size="1418" />
	<plugin fragment="true" id="org.eclipse.swt.win32.wce_ppc.arm.nl_zh_TW" unpack="false" version="4.5.0.v20151128060001" download-size="1381" install-size="1381" />
	<plugin fragment="true" id="org.eclipse.swt.win32.win32.ia64.nl_zh_TW" unpack="false" version="4.5.0.v20151128060001" download-size="1378" install-size="1378" />
	<plugin fragment="true" id="org.eclipse.swt.win32.win32.x86.nl_zh_TW" unpack="false" version="4.5.0.v20151128060001" download-size="1421" install-size="1421" />
	<plugin fragment="true" id="org.eclipse.swt.win32.win32.x86_64.nl_zh_TW" unpack="false" version="4.5.0.v20151128060001" download-size="1425" install-size="1425" />
	<plugin fragment="true" id="org.eclipse.team.core.nl_zh_TW" unpack="false" version="4.5.0.v20151128060001" download-size="4627" install-size="4627" />
	<plugin fragment="true" id="org.eclipse.team.cvs.core.nl_zh_TW" unpack="false" version="4.5.0.v20151128060001" download-size="8367" install-size="8367" />
	<plugin fragment="true" id="org.eclipse.team.cvs.ssh2.nl_zh_TW" unpack="false" version="4.5.0.v20151128060001" download-size="3691" install-size="3691" />
	<plugin fragment="true" id="org.eclipse.team.cvs.ui.nl_zh_TW" unpack="false" version="4.5.0.v20151128060001" download-size="27425" install-size="27425" />
	<plugin fragment="true" id="org.eclipse.team.examples.filesystem.nl_zh_TW" unpack="false" version="4.5.0.v20151128060001" download-size="3374" install-size="3374" />
	<plugin fragment="true" id="org.eclipse.team.tests.core.nl_zh_TW" unpack="false" version="4.5.0.v20151128060001" download-size="1372" install-size="1372" />
	<plugin fragment="true" id="org.eclipse.team.tests.cvs.core.nl_zh_TW" unpack="false" version="4.5.0.v20151128060001" download-size="1634" install-size="1634" />
	<plugin fragment="true" id="org.eclipse.team.ui.nl_zh_TW" unpack="false" version="4.5.0.v20151128060001" download-size="13539" install-size="13539" />
	<plugin fragment="true" id="org.eclipse.text.nl_zh_TW" unpack="false" version="4.5.0.v20151128060001" download-size="4437" install-size="4437" />
	<plugin fragment="true" id="org.eclipse.ui.browser.nl_zh_TW" unpack="false" version="4.5.0.v20151128060001" download-size="3201" install-size="3201" />
	<plugin fragment="true" id="org.eclipse.ui.cheatsheets.nl_zh_TW" unpack="false" version="4.5.0.v20151128060001" download-size="5936" install-size="5936" />
	<plugin fragment="true" id="org.eclipse.ui.cocoa.nl_zh_TW" unpack="false" version="4.5.0.v20151128060001" download-size="1411" install-size="1411" />
	<plugin fragment="true" id="org.eclipse.ui.console.nl_zh_TW" unpack="false" version="4.5.0.v20151128060001" download-size="3562" install-size="3562" />
	<plugin fragment="true" id="org.eclipse.ui.editors.nl_zh_TW" unpack="false" version="4.5.0.v20151128060001" download-size="13491" install-size="13491" />
	<plugin fragment="true" id="org.eclipse.ui.examples.contributions.nl_zh_TW" unpack="false" version="4.5.0.v20151128060001" download-size="3399" install-size="3399" />
	<plugin fragment="true" id="org.eclipse.ui.examples.fieldassist.nl_zh_TW" unpack="false" version="4.5.0.v20151128060001" download-size="3805" install-size="3805" />
	<plugin fragment="true" id="org.eclipse.ui.examples.javaeditor.nl_zh_TW" unpack="false" version="4.5.0.v20151128060001" download-size="4216" install-size="4216" />
	<plugin fragment="true" id="org.eclipse.ui.examples.job.nl_zh_TW" unpack="false" version="4.5.0.v20151128060001" download-size="1373" install-size="1373" />
	<plugin fragment="true" id="org.eclipse.ui.examples.multipageeditor.nl_zh_TW" unpack="false" version="4.5.0.v20151128060001" download-size="2516" install-size="2516" />
	<plugin fragment="true" id="org.eclipse.ui.examples.propertysheet.nl_zh_TW" unpack="false" version="4.5.0.v20151128060001" download-size="3291" install-size="3291" />
	<plugin fragment="true" id="org.eclipse.ui.examples.rcp.browser.nl_zh_TW" unpack="false" version="4.5.0.v20151128060001" download-size="1406" install-size="1406" />
	<plugin fragment="true" id="org.eclipse.ui.examples.readmetool.nl_zh_TW" unpack="false" version="4.5.0.v20151128060001" download-size="4607" install-size="4607" />
	<plugin fragment="true" id="org.eclipse.ui.examples.undo.nl_zh_TW" unpack="false" version="4.5.0.v20151128060001" download-size="2925" install-size="2925" />
	<plugin fragment="true" id="org.eclipse.ui.examples.views.properties.tabbed.article.nl_zh_TW" unpack="false" version="4.5.0.v20151128060001" download-size="1520" install-size="1520" />
	<plugin fragment="true" id="org.eclipse.ui.examples.views.properties.tabbed.hockeyleague.nl_zh_TW" unpack="false" version="4.5.0.v20151128060001" download-size="2449" install-size="2449" />
	<plugin fragment="true" id="org.eclipse.ui.examples.views.properties.tabbed.logic.nl_zh_TW" unpack="false" version="4.5.0.v20151128060001" download-size="1935" install-size="1935" />
	<plugin fragment="true" id="org.eclipse.ui.externaltools.nl_zh_TW" unpack="false" version="4.5.0.v20151128060001" download-size="9119" install-size="9119" />
	<plugin fragment="true" id="org.eclipse.ui.forms.nl_zh_TW" unpack="false" version="4.5.0.v20151128060001" download-size="2457" install-size="2457" />
	<plugin fragment="true" id="org.eclipse.ui.ide.application.nl_zh_TW" unpack="false" version="4.5.0.v20151128060001" download-size="1683" install-size="1683" />
	<plugin fragment="true" id="org.eclipse.ui.ide.nl_zh_TW" unpack="false" version="4.5.0.v20151128060001" download-size="33500" install-size="33500" />
	<plugin fragment="true" id="org.eclipse.ui.images.nl_zh_TW" unpack="false" version="4.5.0.v20151128060001" download-size="1368" install-size="1368" />
	<plugin fragment="true" id="org.eclipse.ui.intro.nl_zh_TW" unpack="false" version="4.5.0.v20151128060001" download-size="3707" install-size="3707" />
	<plugin fragment="true" id="org.eclipse.ui.intro.universal.nl_zh_TW" unpack="false" version="4.5.0.v20151128060001" download-size="6447" install-size="6447" />
	<plugin fragment="true" id="org.eclipse.ui.monitoring.nl_zh_TW" unpack="false" version="4.5.0.v20151128060001" download-size="2516" install-size="2516" />
	<plugin fragment="true" id="org.eclipse.ui.navigator.nl_zh_TW" unpack="false" version="4.5.0.v20151128060001" download-size="4108" install-size="4108" />
	<plugin fragment="true" id="org.eclipse.ui.navigator.resources.nl_zh_TW" unpack="false" version="4.5.0.v20151128060001" download-size="3634" install-size="3634" />
	<plugin fragment="true" id="org.eclipse.ui.net.nl_zh_TW" unpack="false" version="4.5.0.v20151128060001" download-size="2649" install-size="2649" />
	<plugin fragment="true" id="org.eclipse.ui.nl_zh_TW" unpack="false" version="4.5.0.v20151128060001" download-size="5424" install-size="5424" />
	<plugin fragment="true" id="org.eclipse.ui.tests.navigator.nl_zh_TW" unpack="false" version="4.5.0.v20151128060001" download-size="1520" install-size="1520" />
	<plugin fragment="true" id="org.eclipse.ui.tests.rcp.nl_zh_TW" unpack="false" version="4.5.0.v20151128060001" download-size="1370" install-size="1370" />
	<plugin fragment="true" id="org.eclipse.ui.tests.views.properties.tabbed.nl_zh_TW" unpack="false" version="4.5.0.v20151128060001" download-size="1536" install-size="1536" />
	<plugin fragment="true" id="org.eclipse.ui.themes.nl_zh_TW" unpack="false" version="4.5.0.v20151128060001" download-size="1368" install-size="1368" />
	<plugin fragment="true" id="org.eclipse.ui.trace.nl_zh_TW" unpack="false" version="4.5.0.v20151128060001" download-size="2333" install-size="2333" />
	<plugin fragment="true" id="org.eclipse.ui.views.log.nl_zh_TW" unpack="false" version="4.5.0.v20151128060001" download-size="3896" install-size="3896" />
	<plugin fragment="true" id="org.eclipse.ui.views.nl_zh_TW" unpack="false" version="4.5.0.v20151128060001" download-size="3251" install-size="3251" />
	<plugin fragment="true" id="org.eclipse.ui.views.properties.tabbed.nl_zh_TW" unpack="false" version="4.5.0.v20151128060001" download-size="3196" install-size="3196" />
	<plugin fragment="true" id="org.eclipse.ui.win32.nl_zh_TW" unpack="false" version="4.5.0.v20151128060001" download-size="1411" install-size="1411" />
	<plugin fragment="true" id="org.eclipse.ui.workbench.nl_zh_TW" unpack="false" version="4.5.0.v20151128060001" download-size="28369" install-size="28369" />
	<plugin fragment="true" id="org.eclipse.ui.workbench.texteditor.nl_zh_TW" unpack="false" version="4.5.0.v20151128060001" download-size="14261" install-size="14261" />
	<plugin fragment="true" id="org.eclipse.update.configurator.nl_zh_TW" unpack="false" version="4.5.0.v20151128060001" download-size="3565" install-size="3565" />
	<plugin fragment="true" id="org.eclipse.update.core.nl_zh_TW" unpack="false" version="4.5.0.v20151128060001" download-size="8818" install-size="8818" />
</feature>